SettlementPoint,Year,Month,Mean,Min,Max,SD,Volatility
HB_BUSAVG,2016,01,19.209301075268815,5.12,54.69,5.485210390097426,0.2690841889770597
HB_BUSAVG,2016,02,15.28824712643678,1.79,50.98,5.777172176927241,0.47351877621233457
HB_BUSAVG,2016,03,16.755625841184386,1.22,64.31,7.368496875539136,0.4708081945258509
HB_BUSAVG,2016,04,18.289347222222222,1.18,93.09,9.506142732088003,0.5429421790442241
HB_BUSAVG,2016,05,18.159583333333334,3.03,73.61,8.017220813376364,0.4331826066081896
HB_BUSAVG,2016,06,23.909819444444437,4.02,110.72,11.305436288586217,0.3983444319585168
HB_BUSAVG,2016,07,27.187473118279563,7.61,99.29,12.406065835499753,0.3996632886249878
HB_BUSAVG,2016,08,30.56713709677419,13.39,230.02,27.15155808784459,0.48433842070530864
HB_BUSAVG,2016,09,26.861750000000008,10.89,202.4,14.904298172890451,0.3696292888393294
HB_BUSAVG,2016,10,25.204838709677418,2.92,274.77,16.327119599882366,0.43038038781951915
HB_BUSAVG,2016,11,19.244902777777778,2.3,48.65,6.378151553287985,0.39231264679820527
HB_BUSAVG,2016,12,25.31830645161291,2.72,139.42,11.105303297399226,0.4297915555845942
HB_BUSAVG,2017,01,23.252782258064517,1.94,96.28,7.471612705493782,0.37075988540457183
HB_BUSAVG,2017,02,20.117827380952388,3.56,52.7,6.538278533511913,0.3866745899195994
HB_BUSAVG,2017,03,22.56989232839839,4.92,78.44,7.988595981559292,0.33926832382975103
HB_BUSAVG,2017,04,23.705083333333334,8.37,81.08,7.768482147422761,0.31115469394551115
HB_BUSAVG,2017,05,25.087352150537637,4.66,65.3,7.952691485425809,0.32842918966666823
HB_BUSAVG,2017,06,27.66915277777779,15.22,82.18,11.114801167073598,0.3309573407222942
HB_BUSAVG,2017,07,31.454274193548386,16.64,257.04,17.83884864954591,0.40048487385186327
HB_BUSAVG,2017,08,27.50701612903226,16.62,88.75,10.898581913248774,0.3332314690191363
HB_BUSAVG,2017,09,24.18416666666666,8.38,59.02,7.923659778393276,0.2883373495297985
HB_BUSAVG,2017,10,23.563279569892476,3.07,97.54,10.300630159991831,0.3671794074578086
HB_BUSAVG,2017,11,22.67745833333333,4.28,83.65,8.310512675527983,0.34960741033444215
HB_BUSAVG,2017,12,21.187956989247315,5.82,55.67,5.193307565046881,0.243233059701093
HB_BUSAVG,2018,01,37.869677419354836,5.83,1660.04,87.56361308118343,0.5496222684883365
HB_BUSAVG,2018,02,21.85431547619047,5.09,73.49,7.54131769361722,0.31493249062526035
HB_BUSAVG,2018,03,22.561978465679676,7.34,69.97,8.357991123600044,0.3488089169347354
HB_BUSAVG,2018,04,23.142958333333333,6.22,53.44,7.366768766336835,0.3245945924581718
HB_BUSAVG,2018,05,34.005241935483866,8.49,541.31,38.314470370603864,0.594766036513871
HB_BUSAVG,2018,06,29.96612499999999,15.16,114.07,14.65805823884764,0.4027711555762899
HB_BUSAVG,2018,07,78.85944892473117,9.9,2061.99,233.36169591636292,0.8932309554426291
HB_BUSAVG,2018,08,31.66155913978494,12.71,149.91,18.572329132601748,0.45493996816263843
HB_BUSAVG,2018,09,27.175444444444445,14.59,88.96,10.510967505928196,0.3261612192068613
HB_BUSAVG,2018,10,29.95782258064516,10.32,95.21,10.169829781404726,0.3031070141083175
HB_BUSAVG,2018,11,30.64449999999999,9.3,108.07,11.598420053307366,0.333374380319826
HB_BUSAVG,2018,12,30.268185483870962,6.64,117.74,10.123066556862826,0.31436802142734926
HB_BUSAVG,2019,01,24.59256720430107,5.72,75.28,8.130355147669787,0.30097493223102945
HB_BUSAVG,2019,02,21.18636904761905,5.06,56.68,7.013010151618259,0.3412831196895284
HB_BUSAVG,2019,03,27.565720053835804,7.31,675.6,34.263891687476494,0.4412842464983627
HB_BUSAVG,2019,04,22.613180555555555,5.34,102.53,11.85310134216847,0.4542411560963267
HB_BUSAVG,2019,05,23.95993279569893,9.46,67.19,8.560298614984859,0.313935757264045
HB_BUSAVG,2019,06,25.08554166666666,8.72,102.2,13.651568525669754,0.41919926773169247
HB_BUSAVG,2019,07,29.72962365591398,11.28,274.56,26.86115729182235,0.5545731183051518
HB_BUSAVG,2019,08,126.38408602150541,10.04,3499.84,401.206306600097,1.2152140328325565
HB_BUSAVG,2019,09,79.61562500000002,7.88,5008.32,380.2139310767902,0.8841318927258723
HB_BUSAVG,2019,10,28.247056451612906,6.39,851.45,53.267344275415354,0.5868558025536078
HB_BUSAVG,2019,11,23.468375000000005,3.26,203.7,14.63839355202869,0.43074899362493047
HB_BUSAVG,2019,12,18.71508064516129,3.74,59.84,6.744975917531292,0.3203565339460383
HB_HOUSTON,2016,01,19.565725806451614,5.19,54.55,5.648747381728997,0.26989847666140393
HB_HOUSTON,2016,02,15.46454022988506,2.1,50.75,5.811656068895287,0.4598960770204093
HB_HOUSTON,2016,03,17.124952893674294,1.36,72.32,7.704735965516085,0.4722297006056082
HB_HOUSTON,2016,04,18.940958333333334,1.26,99.0,10.265435546159958,0.5447412246450911
HB_HOUSTON,2016,05,19.17408602150537,3.04,73.62,9.38017837807119,0.46809382508608927
HB_HOUSTON,2016,06,26.25573611111111,4.31,141.0,15.324347268547495,0.46032761138367373
HB_HOUSTON,2016,07,29.538924731182796,10.08,101.38,14.978876680896803,0.4392297577736054
HB_HOUSTON,2016,08,32.97254032258064,13.49,269.69,33.12178187519316,0.5325291615593378
HB_HOUSTON,2016,09,28.742416666666674,11.49,211.23,16.821039643259606,0.40619667781812896
HB_HOUSTON,2016,10,28.249556451612897,4.0,284.79,18.950819928980863,0.4719654113242021
HB_HOUSTON,2016,11,20.365930555555558,3.05,51.61,7.431234496542128,0.4068755165669101
HB_HOUSTON,2016,12,25.727661290322583,2.92,142.55,11.323204615300083,0.42430330872792954
HB_HOUSTON,2017,01,24.781854838709684,3.03,96.21,7.904352417097669,0.3586182465719571
HB_HOUSTON,2017,02,23.26571428571429,4.52,58.68,8.61231960434737,0.40636821836967846
HB_HOUSTON,2017,03,28.213297442799462,6.85,144.16,14.123950526156516,0.39436978257708144
HB_HOUSTON,2017,04,32.29573611111112,10.77,142.25,15.704205969482658,0.3808291892617916
HB_HOUSTON,2017,05,31.533172043010754,5.0,105.17,14.642110122789166,0.4313008678034568
HB_HOUSTON,2017,06,33.16834722222223,15.44,133.78,18.60204923631417,0.43797731568172693
HB_HOUSTON,2017,07,34.375833333333325,16.72,306.24,22.793164369378225,0.45286998255274624
HB_HOUSTON,2017,08,29.401720430107527,16.61,97.06,13.225864551440145,0.37398522235956555
HB_HOUSTON,2017,09,26.54294444444446,8.32,73.92,10.919633588905974,0.3550852114052438
HB_HOUSTON,2017,10,30.14123655913978,4.4,249.2,23.325715626861324,0.494214743961568
HB_HOUSTON,2017,11,26.09105555555555,4.69,131.0,12.686734104963291,0.3661646581855635
HB_HOUSTON,2017,12,21.549005376344088,6.25,53.34,5.162866307722016,0.23317434725083372
HB_HOUSTON,2018,01,37.94478494623656,6.19,1637.34,86.01527890478582,0.5160825196734988
HB_HOUSTON,2018,02,22.164107142857148,5.1,72.11,7.347411911330588,0.3082880309986015
HB_HOUSTON,2018,03,23.78254374158816,8.01,71.01,8.968034089721383,0.34703558904661885
HB_HOUSTON,2018,04,24.652694444444453,8.4,58.92,7.830764138938866,0.3137485593844544
HB_HOUSTON,2018,05,34.14755376344086,8.43,530.4,37.10995493457377,0.5654033881789459
HB_HOUSTON,2018,06,30.628486111111116,15.81,116.02,14.938345448626666,0.40306111948870726
HB_HOUSTON,2018,07,79.03404569892473,9.95,2057.51,233.00015888349546,0.8906834528025586
HB_HOUSTON,2018,08,31.944247311827958,13.44,150.2,18.664125100987793,0.456093934451298
HB_HOUSTON,2018,09,27.581361111111104,15.06,91.04,10.751295245972898,0.3304791200236062
HB_HOUSTON,2018,10,30.98193548387097,12.6,98.4,10.837428527252913,0.3069840519302915
HB_HOUSTON,2018,11,31.31923611111111,10.01,104.77,11.698294258876448,0.3304080113115915
HB_HOUSTON,2018,12,30.33354838709677,6.85,116.17,9.879054520195682,0.3069811404654967
HB_HOUSTON,2019,01,25.426034946236555,8.64,74.76,7.830863602989715,0.27002576956463914
HB_HOUSTON,2019,02,21.507812500000004,5.47,57.38,6.696868686204082,0.3203654994325596
HB_HOUSTON,2019,03,27.83203230148048,8.18,651.0,32.644066723148484,0.41344988402986627
HB_HOUSTON,2019,04,23.87065277777777,5.4,106.31,11.999629838588168,0.43698838002596024
HB_HOUSTON,2019,05,24.794274193548386,9.59,67.67,8.95367187909662,0.32335622254635016
HB_HOUSTON,2019,06,26.897680555555553,9.93,111.16,15.453808881248245,0.4494228163018637
HB_HOUSTON,2019,07,29.911008064516132,11.34,274.33,26.8002920863523,0.5539844055485514
HB_HOUSTON,2019,08,126.62533602150538,10.32,3499.86,401.4410640782596,1.2136712991226932
HB_HOUSTON,2019,09,80.5876527777778,7.97,5011.16,380.54306782069796,0.8771147226649887
HB_HOUSTON,2019,10,30.393602150537635,9.65,870.3,55.08859314240535,0.5560945627987998
HB_HOUSTON,2019,11,24.021500000000003,3.79,198.8,14.300458495621012,0.4127180787307853
HB_HOUSTON,2019,12,18.6725,3.8,59.43,6.622055581247453,0.31757368699133703
HB_HUBAVG,2016,01,19.25869623655914,5.13,54.53,5.512316838236008,0.27020478314281554
HB_HUBAVG,2016,02,15.269252873563218,1.52,50.9,5.812592533369644,0.48757994485974915
HB_HUBAVG,2016,03,16.654347240915207,1.05,65.81,7.426260850084184,0.4792100897810897
HB_HUBAVG,2016,04,18.166861111111107,1.07,94.38,9.574284135033098,0.5554937052144661
HB_HUBAVG,2016,05,18.247002688172042,2.64,73.06,8.214961649765993,0.44697351342162117
HB_HUBAVG,2016,06,24.297847222222234,4.15,115.88,11.861734726158792,0.4075713123877342
HB_HUBAVG,2016,07,27.459206989247313,5.86,99.3,12.793737081962163,0.4114487758111362
HB_HUBAVG,2016,08,30.948534946236556,13.39,232.88,28.06720774995248,0.49231951534568136
HB_HUBAVG,2016,09,27.188138888888897,10.99,203.88,15.164137746107043,0.3751272789931789
HB_HUBAVG,2016,10,25.769059139784947,2.96,277.51,16.816964578457853,0.4405412914332973
HB_HUBAVG,2016,11,19.489305555555553,2.37,49.27,6.544536122879043,0.395762778216354
HB_HUBAVG,2016,12,25.362594086021506,2.34,139.98,11.198097445441176,0.4428094127597673
HB_HUBAVG,2017,01,23.32555107526882,1.84,96.27,7.577709890137235,0.3880250403519225
HB_HUBAVG,2017,02,20.352127976190474,2.34,53.19,7.066815784413839,0.4357414769292203
HB_HUBAVG,2017,03,23.23323014804845,4.36,87.72,8.87079453890928,0.36274403742725414
HB_HUBAVG,2017,04,24.830486111111114,8.6,91.68,8.938620642163299,0.3351473995892383
HB_HUBAVG,2017,05,25.905026881720424,4.18,65.97,8.7939124453329,0.35203413093300306
HB_HUBAVG,2017,06,28.513847222222214,14.64,88.26,12.215149025157546,0.34973064470337917
HB_HUBAVG,2017,07,31.86440860215054,16.7,263.26,18.501171755106707,0.40774948195805577
HB_HUBAVG,2017,08,27.83861559139786,16.62,90.23,11.254765012949619,0.33938558784582096
HB_HUBAVG,2017,09,24.519694444444443,8.4,61.96,8.26848361703299,0.2960199324813819
HB_HUBAVG,2017,10,24.701451612903217,3.48,109.91,12.053085676988324,0.38836562809070635
HB_HUBAVG,2017,11,23.167138888888893,3.68,91.6,8.902537112871343,0.35616847584620415
HB_HUBAVG,2017,12,21.209852150537632,4.55,56.06,5.336605259728787,0.26095126349731734
HB_HUBAVG,2018,01,37.7730376344086,5.24,1658.38,87.50519670270869,0.5593703822210225
HB_HUBAVG,2018,02,21.83005952380952,4.2,73.4,7.607576739110758,0.32964605579965667
HB_HUBAVG,2018,03,22.403432032301474,6.13,69.98,8.604464627194636,0.37504611667718335
HB_HUBAVG,2018,04,22.450305555555556,4.42,53.51,7.838026572185338,0.36740586183851565
HB_HUBAVG,2018,05,32.83485215053764,7.13,536.14,37.75765213475436,0.6063913401866782
HB_HUBAVG,2018,06,29.7818611111111,14.66,113.13,14.41870640679035,0.39936512161226795
HB_HUBAVG,2018,07,78.83232526881721,9.95,2061.56,233.3255127232922,0.8928673921922209
HB_HUBAVG,2018,08,31.694583333333334,12.87,149.94,18.560145316602352,0.4541983053380678
HB_HUBAVG,2018,09,27.053027777777782,14.75,88.41,10.301125773944909,0.3219157138710302
HB_HUBAVG,2018,10,29.8891129032258,9.98,95.61,10.165972310649046,0.30368190156850966
HB_HUBAVG,2018,11,30.277208333333327,8.42,105.98,11.820105869491798,0.3556379072587165
HB_HUBAVG,2018,12,30.191989247311824,6.45,117.99,10.318657868630194,0.3265383679774828
HB_HUBAVG,2019,01,24.68340053763441,5.59,75.44,8.210358990110414,0.30492192102002785
HB_HUBAVG,2019,02,21.25063988095238,4.85,56.86,7.073012164577063,0.3451304257390525
HB_HUBAVG,2019,03,27.18903095558547,5.95,674.86,34.35972336363791,0.47251506014473
HB_HUBAVG,2019,04,22.221166666666665,4.4,103.18,12.112938760854044,0.4911859309918752
HB_HUBAVG,2019,05,23.88376344086021,9.03,67.33,8.577879707268156,0.31591294094008177
HB_HUBAVG,2019,06,25.171541666666663,8.6,102.85,13.788867563759185,0.42149746336793203
HB_HUBAVG,2019,07,29.69623655913978,11.28,274.53,26.839811239624776,0.5539882854411545
HB_HUBAVG,2019,08,126.34983870967744,9.9,3499.49,401.1272589683443,1.2157504601920373
HB_HUBAVG,2019,09,79.45919444444446,7.89,5008.13,380.1739002592013,0.8841594281209763
HB_HUBAVG,2019,10,28.13176075268817,6.05,851.39,53.417383946265446,0.5965643333971922
HB_HUBAVG,2019,11,23.25723611111111,2.91,201.15,14.540368868864508,0.4421747562959566
HB_HUBAVG,2019,12,18.623373655913976,3.49,60.41,6.752492529393898,0.3251688399951961
HB_NORTH,2016,01,19.133306451612903,5.09,55.56,5.465482000164042,0.2683999660649124
HB_NORTH,2016,02,15.292658045977012,2.0,51.26,5.741953441774281,0.4614827363848874
HB_NORTH,2016,03,16.85936742934051,1.46,60.79,7.259944346713299,0.4598288881310502
HB_NORTH,2016,04,18.350666666666665,1.3,90.11,9.314117201804843,0.5296338069542313
HB_NORTH,2016,05,17.905631720430108,3.55,74.68,7.66682611970472,0.4128598766547117
HB_NORTH,2016,06,23.15805555555555,3.64,101.0,10.378440279708137,0.3827262190342022
HB_NORTH,2016,07,26.800793010752688,9.02,98.94,11.667287327521292,0.3765966334448571
HB_NORTH,2016,08,29.82838709677419,13.37,223.94,25.427223868923868,0.4687621868182455
HB_NORTH,2016,09,26.249180555555554,10.7,200.0,14.525627155172398,0.36111070501014886
HB_NORTH,2016,10,24.005255376344085,2.71,269.05,15.390332528302766,0.4130644895068478
HB_NORTH,2016,11,18.66488888888889,1.92,47.62,6.101731530063148,0.39068262654842234
HB_NORTH,2016,12,25.149045698924734,3.17,138.12,10.941741566558266,0.4169619572088078
HB_NORTH,2017,01,22.991854838709674,2.02,96.37,7.400329722413329,0.35613585190629987
HB_NORTH,2017,02,19.4481994047619,4.77,51.8,5.934393190161845,0.3386689067910377
HB_NORTH,2017,03,21.22777927321669,5.46,63.71,6.777892002262998,0.31580198163807005
HB_NORTH,2017,04,21.410555555555558,7.16,61.79,6.244917842248719,0.2876519512549733
HB_NORTH,2017,05,23.419919354838708,5.2,62.98,6.722616735124594,0.2945170852786632
HB_NORTH,2017,06,25.890569444444452,15.33,70.82,9.048123147849381,0.2941593667730448
HB_NORTH,2017,07,30.65431451612903,16.47,244.42,16.65101026162405,0.3866964768126358
HB_NORTH,2017,08,26.832728494623655,16.61,85.93,10.25585587648806,0.3221053756221484
HB_NORTH,2017,09,23.346111111111114,8.29,54.32,7.261250913423442,0.27369002488939254
HB_NORTH,2017,10,21.40590053763441,1.88,75.0,7.791168430578759,0.33934544473303974
HB_NORTH,2017,11,21.59620833333334,3.19,69.49,7.568659608784367,0.360781759340562
HB_NORTH,2017,12,20.952997311827957,6.18,53.18,4.987721615378066,0.2283896056375699
HB_NORTH,2018,01,37.585900537634416,6.24,1659.26,87.45206198148664,0.5453224159464358
HB_NORTH,2018,02,21.767023809523813,6.39,73.33,7.452917156357078,0.2999712140898266
HB_NORTH,2018,03,22.608008075370112,8.57,69.87,8.217259861945996,0.33125852356029206
HB_NORTH,2018,04,23.52291666666666,8.06,52.98,7.026932638200544,0.29984418489816683
HB_NORTH,2018,05,35.30614247311828,9.32,550.83,39.46338334548295,0.6032088285706194
HB_NORTH,2018,06,30.211888888888886,15.35,115.08,15.084811187253619,0.4113330726925436
HB_NORTH,2018,07,78.96845430107527,9.79,2063.87,233.55245524774713,0.8944487314833051
HB_NORTH,2018,08,31.603051075268823,12.0,150.0,18.640595237625867,0.4582867404354552
HB_NORTH,2018,09,27.29963888888887,14.02,89.78,10.928677673760705,0.33445533213724904
HB_NORTH,2018,10,30.034166666666668,9.57,95.0,10.334967046572817,0.3098906257356409
HB_NORTH,2018,11,31.234888888888893,9.38,114.35,11.596295053094755,0.31735755902879204
HB_NORTH,2018,12,30.398266129032265,6.96,117.3,9.919452147482733,0.30284462006163393
HB_NORTH,2019,01,24.332634408602154,5.41,75.1,8.213235570821183,0.3094506469907335
HB_NORTH,2019,02,20.86495535714286,4.48,56.39,7.018780915655388,0.348269293841645
HB_NORTH,2019,03,28.103714670255712,8.95,676.5,34.155593973165175,0.4131094356103841
HB_NORTH,2019,04,22.997402777777776,5.53,100.8,11.622436364291053,0.42539374136071534
HB_NORTH,2019,05,23.97888440860215,9.96,67.3,8.688466045637167,0.3181441149477232
HB_NORTH,2019,06,25.175819444444446,8.17,101.27,13.602406822767918,0.41965276419800396
HB_NORTH,2019,07,29.781290322580645,11.22,274.65,26.91667513803031,0.5566521025446681
HB_NORTH,2019,08,126.52185483870967,10.0,3500.92,401.51810392776827,1.216552067835256
HB_NORTH,2019,09,79.9195833333333,7.81,5010.22,380.53842541978156,0.8915868047490717
HB_NORTH,2019,10,27.995967741935488,6.11,853.71,53.32360161286935,0.6014496865047141
HB_NORTH,2019,11,23.62861111111111,3.49,212.85,15.121341806879713,0.42962980146977603
HB_NORTH,2019,12,18.731989247311823,4.01,59.75,6.806604034839857,0.3193008425514624
HB_SOUTH,2016,01,19.21005376344086,5.18,54.4,5.458224904565118,0.2684363708251309
HB_SOUTH,2016,02,15.333591954022983,2.02,50.25,5.766310020451896,0.46589223135829155
HB_SOUTH,2016,03,16.763109017496635,1.0,69.59,7.562570221381635,0.48251406644666617
HB_SOUTH,2016,04,18.512902777777775,1.17,99.0,9.962189284750314,0.5527659716163041
HB_SOUTH,2016,05,18.57045698924731,2.77,71.92,8.66136832558022,0.45516965992194364
HB_SOUTH,2016,06,24.645374999999998,4.93,119.5,11.984516256441227,0.4068580055598782
HB_SOUTH,2016,07,26.96025537634409,-27.74,100.15,14.22392645453269,NaN
HB_SOUTH,2016,08,31.207970430107522,13.44,237.08,28.706992658650876,0.49641651601914466
HB_SOUTH,2016,09,27.405569444444446,11.08,203.25,15.053059746843543,0.3758349161092192
HB_SOUTH,2016,10,26.689663978494625,3.43,282.46,17.671567723574373,0.44780029121133874
HB_SOUTH,2016,11,20.148833333333336,3.2,49.27,6.918300399465621,0.3959458231863558
HB_SOUTH,2016,12,25.708991935483873,2.72,141.49,11.367082161043973,0.4342201426302905
HB_SOUTH,2017,01,23.62481182795699,1.89,96.01,7.575724207807039,0.38070199426942597
HB_SOUTH,2017,02,21.079360119047617,3.29,53.41,7.134705341168082,0.4071471896084981
HB_SOUTH,2017,03,23.680753701211305,5.02,78.22,8.66664899612327,0.3482727106861907
HB_SOUTH,2017,04,25.609402777777788,8.88,94.72,9.029660940162145,0.3194720167110625
HB_SOUTH,2017,05,26.49501344086022,4.73,68.65,9.192251989315869,0.3497454822986125
HB_SOUTH,2017,06,29.65469444444444,15.39,98.22,13.388315766817483,0.36298675461346513
HB_SOUTH,2017,07,32.129462365591394,17.07,268.53,18.90136043673263,0.4101486213524071
HB_SOUTH,2017,08,28.31502688172043,16.63,91.52,11.581170602149857,0.34323740489982335
HB_SOUTH,2017,09,25.51509722222222,8.68,68.76,8.801109045773567,0.3011605361446804
HB_SOUTH,2017,10,25.563655913978497,4.63,113.12,11.443610361693011,0.3661173505353235
HB_SOUTH,2017,11,23.97718055555556,5.09,92.56,8.787211894234108,0.3330261805019915
HB_SOUTH,2017,12,21.99791666666667,5.73,64.46,5.585505404189784,0.25176937164953406
HB_SOUTH,2018,01,39.498145161290324,6.01,1675.95,88.67166127106842,0.5455243384418664
HB_SOUTH,2018,02,22.30639880952381,4.08,74.89,7.797641728131438,0.33165652968088766
HB_SOUTH,2018,03,22.888452220726784,7.37,70.15,7.990134982283653,0.33001298831524367
HB_SOUTH,2018,04,24.471888888888902,7.06,54.92,7.698613356269683,0.322623006890787
HB_SOUTH,2018,05,34.226075268817205,9.67,531.39,37.16877772907251,0.5461762687165408
HB_SOUTH,2018,06,30.06863888888889,16.07,114.49,13.978537296864099,0.37805640579677763
HB_SOUTH,2018,07,78.84737903225806,10.07,2058.15,232.8842719828831,0.8856329078736183
HB_SOUTH,2018,08,31.66752688172042,14.7,149.28,18.317685981494453,0.44514130810550406
HB_SOUTH,2018,09,27.18980555555556,15.64,87.78,10.218478841636115,0.31732270610464497
HB_SOUTH,2018,10,29.77251344086022,14.49,93.43,9.647190833725766,0.2821343635109262
HB_SOUTH,2018,11,29.837180555555555,9.46,104.24,11.002205151109663,0.3282776518912976
HB_SOUTH,2018,12,30.08930107526881,6.18,118.6,10.294004189647127,0.32655223019526997
HB_SOUTH,2019,01,25.086061827956993,7.0,74.19,7.680102234868329,0.2744343623343122
HB_SOUTH,2019,02,22.125639880952377,5.75,58.75,6.986717153249441,0.31682966230043696
HB_SOUTH,2019,03,27.13555854643338,6.63,685.53,34.99492019245871,0.46238760137645635
HB_SOUTH,2019,04,22.46333333333334,4.21,105.56,11.908119073175154,0.46471451857451423
HB_SOUTH,2019,05,24.05994623655915,9.4,66.0,8.276677345653292,0.30511956816929126
HB_SOUTH,2019,06,23.90436111111111,10.55,104.57,12.982437741673445,0.4061427111596042
HB_SOUTH,2019,07,29.63750000000001,11.46,274.37,26.766762447821158,0.54997590156751
HB_SOUTH,2019,08,125.9365456989247,10.49,3497.19,400.2652332314314,1.2079289021100261
HB_SOUTH,2019,09,78.9004722222222,8.03,5000.73,379.02363509306997,0.8635041268580537
HB_SOUTH,2019,10,29.468400537634412,8.4,838.47,52.06511827553334,0.5300261504195278
HB_SOUTH,2019,11,23.718555555555557,3.95,181.03,13.49769054050982,0.40490690994822814
HB_SOUTH,2019,12,18.952513440860216,3.58,69.69,6.656832472968685,0.3130118968433998
HB_WEST,2016,01,19.126559139784945,4.84,55.96,5.552808074476874,0.2777876179318278
HB_WEST,2016,02,14.988663793103447,-0.61,51.36,6.017304549324412,NaN
HB_WEST,2016,03,15.871668909825036,0.38,60.57,7.3810102861606595,0.5267567243883368
HB_WEST,2016,04,16.862750000000002,-0.05,90.43,9.270893627043185,NaN
HB_WEST,2016,05,17.337674731182794,1.06,71.97,7.648550692442675,0.48608026577451136
HB_WEST,2016,06,23.141930555555557,3.73,102.08,10.286637497767178,0.3798128491307275
HB_WEST,2016,07,26.543561827956992,9.03,96.73,11.548332657215814,0.380447273637678
HB_WEST,2016,08,29.786733870967744,13.26,224.54,25.374168289237257,0.4679313535688001
HB_WEST,2016,09,26.354250000000008,10.68,201.03,14.581646674594,0.3619869786967117
HB_WEST,2016,10,24.113938172043007,1.58,273.75,15.805819181603834,0.4417746759883376
HB_WEST,2016,11,18.77841666666666,0.8,48.69,6.296595940514882,0.4239064197049408
HB_WEST,2016,12,24.862661290322585,0.26,137.73,11.297255966368274,0.5718722512991918
HB_WEST,2017,01,21.90172043010753,-0.4,96.47,8.329261364773261,NaN
HB_WEST,2017,02,17.616681547619045,-4.3,52.13,8.353607598538458,NaN
HB_WEST,2017,03,19.813593539703902,-0.05,64.77,8.285855409811543,NaN
HB_WEST,2017,04,19.99609722222222,-0.95,67.92,8.115485320873692,NaN
HB_WEST,2017,05,22.166612903225804,1.2,53.75,6.960570769950847,0.39993428710534895
HB_WEST,2017,06,25.331694444444448,11.13,73.8,8.688395241214742,0.2937867445477443
HB_WEST,2017,07,30.293642473118275,16.53,233.81,16.11667038729388,0.378230748277765
HB_WEST,2017,08,26.817043010752684,16.63,86.37,10.236244257218415,0.3201462459302985
HB_WEST,2017,09,22.678819444444446,8.32,54.25,6.831218681457298,0.2612370696545788
HB_WEST,2017,10,21.69383064516129,1.84,70.17,8.01605077099721,0.35001642929379445
HB_WEST,2017,11,21.001791666666662,-0.09,73.34,8.324036361486982,NaN
HB_WEST,2017,12,20.3380376344086,-2.28,53.28,6.117314012983184,NaN
HB_WEST,2018,01,36.05163978494624,0.21,1661.14,87.99336444454859,0.759769410241906
HB_WEST,2018,02,21.087604166666658,1.05,73.33,8.123562208468396,0.4643888333197799
HB_WEST,2018,03,20.333620457604304,-0.62,69.7,9.999361985102984,NaN
HB_WEST,2018,04,17.156625,-5.98,52.8,11.1630720381034,NaN
HB_WEST,2018,05,27.692016129032265,-4.56,531.53,38.012729453510644,NaN
HB_WEST,2018,06,28.27702777777777,7.12,107.0,13.839546440320046,0.4154494060768813
HB_WEST,2018,07,78.51755376344087,9.71,2066.82,233.8698555236981,0.9009901695370908
HB_WEST,2018,08,31.560120967741934,10.83,150.33,18.630238668683326,0.45893563037855467
HB_WEST,2018,09,26.139597222222235,7.07,85.07,10.069532088024676,0.33506297918328565
HB_WEST,2018,10,28.76133064516129,2.39,95.58,10.315092209880278,0.35917702195034723
HB_WEST,2018,11,28.715250000000005,1.04,115.67,13.658234997523147,0.6175831234203287
HB_WEST,2018,12,29.944005376344087,0.0,119.86,11.728604670439227,NaN
HB_WEST,2019,01,23.881545698924725,0.63,75.83,9.684645248889197,0.4962944746578179
HB_WEST,2019,02,20.491160714285716,3.1,57.22,7.91089937390735,0.4326577544069159
HB_WEST,2019,03,25.669676985195153,-0.28,686.52,35.93572452588236,NaN
HB_WEST,2019,04,19.551875,-0.3,100.0,13.864652786735467,NaN
HB_WEST,2019,05,22.702661290322574,4.5,68.36,9.238910469479,0.37086709127549283
HB_WEST,2019,06,24.708555555555556,5.04,100.16,13.52178500335738,0.4355341694780066
HB_WEST,2019,07,29.455470430107525,11.03,274.78,26.90684361192509,0.5582692622071044
HB_WEST,2019,08,126.31528225806453,8.11,3500.0,401.28897897394313,1.2264859043655676
HB_WEST,2019,09,78.42925,5.57,5010.39,380.6181047605082,0.9282487841115837
HB_WEST,2019,10,24.668131720430104,-1.42,843.07,53.57664233513758,NaN
HB_WEST,2019,11,21.66026388888889,0.08,211.91,15.695236507495908,0.6890461070587164
HB_WEST,2019,12,18.136424731182792,2.15,60.71,7.188677044101665,0.37522317901835883
LZ_AEN,2016,01,19.324663978494623,5.35,55.02,5.499657950454568,0.26598883322217765
LZ_AEN,2016,02,15.448290229885059,2.24,51.51,5.742451493814369,0.44656854317891986
LZ_AEN,2016,03,16.85507402422611,1.32,65.27,7.36040783278097,0.46729587535886086
LZ_AEN,2016,04,18.256069444444442,1.17,88.34,9.345574036423608,0.5403185996657386
LZ_AEN,2016,05,18.124905913978495,2.8,76.57,7.977659806006316,0.43478283889130304
LZ_AEN,2016,06,24.237513888888888,8.23,110.8,11.583286461242354,0.3919157210689078
LZ_AEN,2016,07,27.976102150537635,9.29,98.6,12.61312179097276,0.3964444562894054
LZ_AEN,2016,08,30.699516129032265,13.61,235.36,26.82729886707017,0.4830458149242293
LZ_AEN,2016,09,26.710861111111114,11.13,200.12,14.465315413858344,0.364265964968839
LZ_AEN,2016,10,25.622903225806454,3.29,274.56,16.099709573675717,0.42090672786115907
LZ_AEN,2016,11,19.640041666666665,3.74,48.6,6.210652441851585,0.3526753919796808
LZ_AEN,2016,12,25.8701747311828,3.21,136.8,11.452260949599369,0.4243935707554562
LZ_AEN,2017,01,23.404475806451615,1.92,95.99,7.539809858297441,0.3785567028990102
LZ_AEN,2017,02,20.605327380952378,3.45,52.96,6.7581181218146575,0.3925507130459708
LZ_AEN,2017,03,22.997012113055185,4.9,67.99,7.932145538218252,0.33720724980877437
LZ_AEN,2017,04,24.118083333333335,8.94,85.65,8.008669689884144,0.31152431357781335
LZ_AEN,2017,05,25.293844086021515,4.9,66.94,8.173940241146436,0.3322711772144975
LZ_AEN,2017,06,27.916638888888894,15.47,84.47,11.335981832091653,0.3348655354986102
LZ_AEN,2017,07,31.401438172043008,16.95,257.95,17.939957768598738,0.4012526875307132
LZ_AEN,2017,08,27.46561827956989,16.63,88.71,10.953641559437656,0.3337052270587076
LZ_AEN,2017,09,24.62880555555555,8.82,60.58,8.027509687575204,0.2842315102949173
LZ_AEN,2017,10,24.019905913978487,5.24,102.26,10.015021859408664,0.33333364740599214
LZ_AEN,2017,11,23.01944444444445,3.63,86.69,8.47182094816197,0.34866702222106777
LZ_AEN,2017,12,21.062930107526885,5.06,55.3,5.3231361257386105,0.25565926263891897
LZ_AEN,2018,01,38.83798387096773,6.03,1661.37,87.54376856158723,0.5399408450420632
LZ_AEN,2018,02,21.91388392857143,4.55,74.11,7.665640874662356,0.32889663669655234
LZ_AEN,2018,03,22.20282637954239,5.26,70.37,8.593805694422064,0.3869754016149795
LZ_AEN,2018,04,22.18848611111111,4.79,51.24,7.528445920846944,0.35558001325591315
LZ_AEN,2018,05,33.166169354838715,6.86,529.23,36.91196660038251,0.5662579842478763
LZ_AEN,2018,06,30.28612500000001,15.91,114.74,14.409428284606612,0.3896370796896199
LZ_AEN,2018,07,78.95137096774192,10.02,2060.9,233.09134385258974,0.8877792899333907
LZ_AEN,2018,08,31.732137096774196,13.9,149.54,18.459470882953873,0.4500543905843964
LZ_AEN,2018,09,27.167305555555544,15.15,88.03,10.29074779048212,0.320240744586101
LZ_AEN,2018,10,30.310000000000006,12.77,96.35,10.204651355469014,0.29770183339605805
LZ_AEN,2018,11,30.468083333333325,8.65,106.64,11.762673463238773,0.34675911277855564
LZ_AEN,2018,12,30.094758064516128,6.57,117.25,10.177423696802729,0.321706153223222
LZ_AEN,2019,01,25.107956989247306,6.75,76.2,7.95723631783031,0.28458061786843847
LZ_AEN,2019,02,21.513809523809527,5.46,57.06,6.768265769861138,0.3216796503315771
LZ_AEN,2019,03,27.74218034993271,7.11,685.8,34.684874016437824,0.4486101914914892
LZ_AEN,2019,04,23.27034722222222,4.63,106.86,12.494342464514745,0.46654957911100864
LZ_AEN,2019,05,24.676236559139785,9.12,68.42,8.730179494173763,0.3164913592775502
LZ_AEN,2019,06,24.41679166666667,10.2,101.71,12.944277307181563,0.40635308566009787
LZ_AEN,2019,07,29.70908602150538,11.37,274.59,26.80367156552104,0.5520893185843789
LZ_AEN,2019,08,126.52692204301071,10.34,3500.89,401.4603431233802,1.2127217641079855
LZ_AEN,2019,09,80.16959722222221,7.88,5010.17,380.2767520777064,0.8772038753733634
LZ_AEN,2019,10,29.280443548387105,8.07,844.89,52.951009092061724,0.5590852148448279
LZ_AEN,2019,11,24.40801388888889,3.77,209.08,14.919535273175901,0.4204046610832534
LZ_AEN,2019,12,19.051706989247315,3.76,59.87,6.607973845847708,0.3131312656600509
LZ_CPS,2016,01,19.353844086021507,5.28,56.19,5.548379633953353,0.2674681344667396
LZ_CPS,2016,02,15.520014367816092,2.16,52.06,5.806936573951362,0.4508628755729292
LZ_CPS,2016,03,16.898183041722746,1.31,68.18,7.478780011993821,0.4708645005158624
LZ_CPS,2016,04,19.06936111111111,1.14,114.4,11.09388292060384,0.565840903583732
LZ_CPS,2016,05,18.479865591397846,2.77,72.34,8.100975099288911,0.444970179396152
LZ_CPS,2016,06,24.958069444444448,5.22,109.62,11.206274234574296,0.39608593056419095
LZ_CPS,2016,07,27.967956989247316,9.4,97.14,12.727757359220305,0.39896318988051915
LZ_CPS,2016,08,31.306572580645163,13.43,235.47,28.07572718101959,0.49440559455310373
LZ_CPS,2016,09,28.130249999999997,11.0,204.18,15.534595093591461,0.3853196563415034
LZ_CPS,2016,10,26.250295698924738,3.38,280.2,16.828943828520785,0.4362886084921031
LZ_CPS,2016,11,21.71466666666667,2.87,59.5,8.848424650970042,0.44564739023057387
LZ_CPS,2016,12,26.596424731182797,2.69,142.19,12.326364520863036,0.4551132753584301
LZ_CPS,2017,01,23.772567204301076,1.99,102.73,8.26379536642796,0.3881010152432355
LZ_CPS,2017,02,20.919479166666672,3.01,53.54,7.090201201766599,0.4134133744436392
LZ_CPS,2017,03,23.861547779273224,5.34,81.08,8.771604235406784,0.3492712429141235
LZ_CPS,2017,04,25.337902777777778,9.76,94.38,8.856499819832036,0.31925986139687074
LZ_CPS,2017,05,26.53702956989247,4.61,69.09,9.174435818693063,0.3523606948884994
LZ_CPS,2017,06,30.416,15.28,99.32,13.078528214227612,0.3507706604865555
LZ_CPS,2017,07,32.11529569892473,17.13,264.71,18.55076747930554,0.4048576571111808
LZ_CPS,2017,08,28.137567204301074,16.64,90.66,11.296724158422814,0.3382591085644084
LZ_CPS,2017,09,25.136652777777783,8.6,63.5,8.524027533209788,0.29879453480162554
LZ_CPS,2017,10,25.275954301075267,4.53,107.6,11.067209878064245,0.3646552302450875
LZ_CPS,2017,11,23.57256944444444,4.01,90.5,8.736653333481913,0.3455670742866028
LZ_CPS,2017,12,22.048373655913977,5.38,102.48,6.837747294597057,0.26882910449889125
LZ_CPS,2018,01,41.312876344086014,6.06,1708.38,91.99257259535398,0.5828405001745348
LZ_CPS,2018,02,22.51739583333333,4.64,74.85,7.725254185112787,0.3171415674077507
LZ_CPS,2018,03,25.289273216689104,8.33,236.9,12.256999463947704,0.3423586659482475
LZ_CPS,2018,04,26.535374999999995,9.16,60.9,8.455876699858672,0.31678733854057495
LZ_CPS,2018,05,36.05559139784947,9.53,531.71,37.301645970556926,0.5254313953193914
LZ_CPS,2018,06,30.727277777777775,16.27,114.42,14.186371060728062,0.3770038430587712
LZ_CPS,2018,07,79.12443548387095,10.09,2059.23,232.9576685417034,0.8842130302670355
LZ_CPS,2018,08,31.865685483870973,15.14,149.75,18.407107090852417,0.4458503833734906
LZ_CPS,2018,09,27.51298611111112,15.22,89.04,10.398470471661467,0.3215816762781667
LZ_CPS,2018,10,31.635967741935485,16.83,97.46,11.247464610562194,0.3070002485245063
LZ_CPS,2018,11,32.04120833333333,10.5,109.16,12.32458975886296,0.33294226372227087
LZ_CPS,2018,12,30.309220430107533,6.4,119.92,10.454818175329747,0.328110515064173
LZ_CPS,2019,01,26.79833333333333,10.55,82.89,8.149951236618797,0.26640416509075454
LZ_CPS,2019,02,24.11011904761905,6.02,86.42,9.27527395769405,0.3576921640082482
LZ_CPS,2019,03,29.35169582772544,6.47,725.84,38.721713158079325,0.48171420020953065
LZ_CPS,2019,04,25.363597222222218,4.99,114.28,14.197624670731082,0.476521730041504
LZ_CPS,2019,05,26.24607526881721,9.35,80.88,9.843087957448546,0.3362830626077497
LZ_CPS,2019,06,26.391291666666675,11.52,155.41,16.04246449816535,0.43510600755203127
LZ_CPS,2019,07,30.66717741935484,11.52,276.56,27.077730478200003,0.5506404845173604
LZ_CPS,2019,08,127.69620967741938,10.84,3504.12,401.5136414355443,1.1915406349460869
LZ_CPS,2019,09,82.43634722222221,8.39,5011.57,379.8961059615473,0.8518917705880332
LZ_CPS,2019,10,33.55360215053763,9.08,846.37,53.66086954681069,0.5372882806427818
LZ_CPS,2019,11,25.575138888888887,4.88,213.22,15.155541121465715,0.40807375169069166
LZ_CPS,2019,12,19.99786290322581,3.86,104.42,7.9342463246526425,0.3256317041189227
LZ_HOUSTON,2016,01,19.563938172043013,5.19,54.94,5.654675260617203,0.27010557705891625
LZ_HOUSTON,2016,02,15.487988505747127,2.1,50.75,5.8209890360780685,0.4604083179662894
LZ_HOUSTON,2016,03,17.206729475100943,1.35,73.24,7.8052462273335905,0.475182502993922
LZ_HOUSTON,2016,04,19.128930555555552,1.26,106.23,10.765909046753059,0.5522088142098149
LZ_HOUSTON,2016,05,19.90399193548387,3.03,76.88,10.639855925260372,0.49621519046030155
LZ_HOUSTON,2016,06,29.91508333333334,4.32,174.68,22.480109378214053,0.555748789908586
LZ_HOUSTON,2016,07,29.911868279569887,10.06,106.26,15.655496426994187,0.4496955383450322
LZ_HOUSTON,2016,08,33.56354838709677,13.49,285.0,34.7563386442228,0.5446047843051667
LZ_HOUSTON,2016,09,29.032680555555558,11.48,214.55,17.38997939866895,0.4143316108347834
LZ_HOUSTON,2016,10,28.545819892473112,3.98,287.59,19.494735076244428,0.47958397697455524
LZ_HOUSTON,2016,11,20.437680555555556,3.06,54.65,7.571880876577429,0.4094743357424145
LZ_HOUSTON,2016,12,25.73684139784946,2.91,143.23,11.349051286814547,0.4246698451972958
LZ_HOUSTON,2017,01,24.827365591397847,3.0,96.36,7.946976082218833,0.3597172454025599
LZ_HOUSTON,2017,02,23.517217261904758,4.52,60.22,8.849387367235073,0.41146525778368687
LZ_HOUSTON,2017,03,28.742005383580082,6.81,152.46,15.08717262375382,0.4054371052891044
LZ_HOUSTON,2017,04,32.96706944444444,10.74,147.81,16.991265862206316,0.3939123291647408
LZ_HOUSTON,2017,05,32.36264784946236,4.99,109.86,15.906692890509008,0.4479865703724821
LZ_HOUSTON,2017,06,33.66891666666667,15.43,139.24,19.3924588943231,0.44773259867636633
LZ_HOUSTON,2017,07,34.72583333333333,16.72,311.81,23.443061415065714,0.46001570001153674
LZ_HOUSTON,2017,08,30.03147849462366,16.61,101.75,14.431593938247437,0.3915084190738172
LZ_HOUSTON,2017,09,27.410027777777785,8.33,84.99,12.571637692402948,0.3831208846896022
LZ_HOUSTON,2017,10,31.33938172043011,4.41,274.2,26.117447047199036,0.5176867322083474
LZ_HOUSTON,2017,11,26.339624999999995,4.82,131.01,12.83373162077101,0.3697550084706555
LZ_HOUSTON,2017,12,21.979784946236556,6.29,68.39,5.791050547258557,0.2465112079681773
LZ_HOUSTON,2018,01,38.04498655913979,6.18,1638.04,86.06439847614334,0.5160545662776657
LZ_HOUSTON,2018,02,22.375848214285718,5.1,72.15,7.394902533647273,0.3099306111085533
LZ_HOUSTON,2018,03,23.93345895020188,8.01,71.42,9.109086945117879,0.3502631336218168
LZ_HOUSTON,2018,04,24.728347222222226,8.41,59.21,7.916439430638186,0.3161037090925695
LZ_HOUSTON,2018,05,35.53303763440859,8.42,550.1,39.4810660335809,0.5878614875549256
LZ_HOUSTON,2018,06,31.80234722222223,15.81,119.76,16.79393493297371,0.43207749980336196
LZ_HOUSTON,2018,07,79.56653225806451,9.95,2060.38,233.56038682651962,0.8935769991268042
LZ_HOUSTON,2018,08,32.15962365591398,13.48,151.05,18.890233331961976,0.45974213077330195
LZ_HOUSTON,2018,09,27.722416666666668,15.14,92.18,10.886969613459707,0.3329940751487405
LZ_HOUSTON,2018,10,31.781115591397853,12.74,101.62,11.514126975977037,0.3185193777835025
LZ_HOUSTON,2018,11,31.730333333333334,10.05,105.13,12.015058303485727,0.3354373365736597
LZ_HOUSTON,2018,12,30.46206989247312,6.88,116.52,9.911598247922356,0.3070705233464752
LZ_HOUSTON,2019,01,25.550080645161284,8.85,75.06,7.847312987516136,0.26908342013093506
LZ_HOUSTON,2019,02,21.644255952380952,5.51,57.43,6.729465251803097,0.3205656361448814
LZ_HOUSTON,2019,03,28.080323014804847,8.22,651.84,32.70861948439227,0.41371917297187877
LZ_HOUSTON,2019,04,24.264583333333324,5.44,107.4,12.157658167632507,0.438415421909972
LZ_HOUSTON,2019,05,25.153615591397845,9.58,68.56,9.23424813356634,0.33018596258834204
LZ_HOUSTON,2019,06,27.226736111111112,10.0,113.57,15.762967614787566,0.453648752035503
LZ_HOUSTON,2019,07,30.013064516129027,11.35,274.79,26.872544946248773,0.5550810297528663
LZ_HOUSTON,2019,08,126.69338709677417,10.33,3500.0,401.4687410183907,1.213717978280273
LZ_HOUSTON,2019,09,80.77929166666667,7.97,5011.62,380.5954930085022,0.8776857418237238
LZ_HOUSTON,2019,10,30.642379032258066,9.62,872.98,55.331927736505236,0.5571749453330234
LZ_HOUSTON,2019,11,24.18161111111111,3.8,199.8,14.472697576733287,0.4144990543238711
LZ_HOUSTON,2019,12,18.919852150537636,3.8,59.5,6.877407263243728,0.32465882537531165
LZ_LCRA,2016,01,19.317459677419354,5.47,55.4,5.497980113470418,0.2643449847049837
LZ_LCRA,2016,02,15.488548850574709,2.37,51.55,5.732980295709334,0.43884246802136606
LZ_LCRA,2016,03,16.796298788694482,1.34,66.31,7.3988621841131685,0.468880890487233
LZ_LCRA,2016,04,18.392708333333335,1.15,92.5,9.68222846298248,0.546231694061237
LZ_LCRA,2016,05,18.18278225806452,2.78,73.75,8.005227459392778,0.4388403880054085
LZ_LCRA,2016,06,24.164416666666675,4.64,109.44,11.121200540738206,0.3930663911941854
LZ_LCRA,2016,07,27.592217741935478,9.31,99.41,12.674735854902679,0.39978556652716485
LZ_LCRA,2016,08,31.175577956989255,13.43,237.06,28.98272611616213,0.49695081232818356
LZ_LCRA,2016,09,27.039944444444437,11.0,199.29,15.735525242461984,0.37669284663876906
LZ_LCRA,2016,10,26.068440860215055,3.33,281.6,16.98477508373953,0.4353651669066992
LZ_LCRA,2016,11,19.541680555555555,2.88,48.94,6.456588603352814,0.3824027815309617
LZ_LCRA,2016,12,25.487876344086025,2.58,142.23,11.374799922493047,0.4372252646639668
LZ_LCRA,2017,01,23.43627688172043,1.9,97.26,7.606074128174611,0.38178148859558825
LZ_LCRA,2017,02,20.66081845238095,3.1,53.1,6.897614444293978,0.4058827562716653
LZ_LCRA,2017,03,23.437133243607,5.15,69.81,8.228481795575645,0.34335032602857873
LZ_LCRA,2017,04,24.477416666666663,8.91,88.04,8.468541080492487,0.3195795390863316
LZ_LCRA,2017,05,25.63795698924731,4.45,67.39,8.654821736633204,0.34572046802573325
LZ_LCRA,2017,06,28.63908333333334,14.97,91.27,12.48570018194333,0.35552554951361387
LZ_LCRA,2017,07,31.905712365591395,16.84,265.38,18.70555943379993,0.41016371676279145
LZ_LCRA,2017,08,27.678010752688174,16.63,90.36,11.266243870522514,0.3403695825102464
LZ_LCRA,2017,09,24.813430555555552,8.63,61.55,8.36801241320809,0.2956098788239297
LZ_LCRA,2017,10,24.48426075268817,4.56,115.0,11.120629550803763,0.3606864402868345
LZ_LCRA,2017,11,23.047125000000005,3.11,88.12,8.542414682479475,0.35199827874670103
LZ_LCRA,2017,12,21.11766129032258,4.65,58.16,5.448681533955956,0.26274321220936114
LZ_LCRA,2018,01,38.99256720430108,5.87,1669.26,88.49319955468226,0.5611783302961277
LZ_LCRA,2018,02,21.762247023809522,4.3,75.49,7.760105867864692,0.3368180900453835
LZ_LCRA,2018,03,22.05130551816958,4.24,70.23,8.310383904389662,0.38561857380434583
LZ_LCRA,2018,04,22.644027777777783,5.1,51.83,7.626581791236533,0.3505681357431397
LZ_LCRA,2018,05,34.73540322580645,7.35,537.05,39.21426529375477,0.5838276399160426
LZ_LCRA,2018,06,30.365555555555556,16.02,114.7,14.438945238745088,0.3891909452066881
LZ_LCRA,2018,07,79.06994623655913,10.06,2062.63,233.30198042101696,0.8875172649219073
LZ_LCRA,2018,08,31.807970430107527,14.28,149.58,18.499565264811263,0.44993097018881933
LZ_LCRA,2018,09,27.187263888888882,15.12,89.58,10.32397246146386,0.3207592298421252
LZ_LCRA,2018,10,30.069879032258065,10.92,95.98,10.146733125557335,0.2994403324940032
LZ_LCRA,2018,11,30.515805555555556,8.38,106.34,11.79691385662878,0.350300424131708
LZ_LCRA,2018,12,30.582661290322587,6.56,122.66,10.628820081578901,0.32916216531918163
LZ_LCRA,2019,01,24.936303763440858,6.28,76.43,8.097452745325858,0.29168578482346597
LZ_LCRA,2019,02,21.666979166666664,5.53,56.92,6.878219361958411,0.32175738731222014
LZ_LCRA,2019,03,27.649313593539706,6.58,692.67,35.19954864384439,0.4561977243189218
LZ_LCRA,2019,04,23.314763888888884,4.46,107.21,12.36835730932367,0.46487709117798104
LZ_LCRA,2019,05,24.508682795698927,9.06,66.1,8.51416657391498,0.3110821337727141
LZ_LCRA,2019,06,24.51954166666666,11.18,101.6,13.153803352145431,0.40869137607727163
LZ_LCRA,2019,07,29.74791666666666,11.36,274.7,26.81774614012361,0.5522582521153586
LZ_LCRA,2019,08,126.67076612903222,10.31,3503.28,401.7273081817834,1.2127501336402415
LZ_LCRA,2019,09,82.4672361111111,8.0,5011.71,380.759042512188,0.9032067438797571
LZ_LCRA,2019,10,29.01580645161291,7.78,851.35,53.564423486240976,0.5680797571585943
LZ_LCRA,2019,11,24.485222222222234,4.14,207.11,14.724647827239302,0.4164479668343183
LZ_LCRA,2019,12,19.45688172043011,3.75,84.34,7.25599086638184,0.32195632950162023
LZ_NORTH,2016,01,19.187997311827957,5.08,56.21,5.532815832010709,0.2702469841915586
LZ_NORTH,2016,02,15.462212643678157,2.28,51.39,5.727119505560942,0.4447905592092171
LZ_NORTH,2016,03,17.461507402422612,1.48,62.31,7.4469997134928,0.46373133745031186
LZ_NORTH,2016,04,19.087638888888893,1.57,90.61,9.793125443963818,0.5171327453555535
LZ_NORTH,2016,05,18.18288978494624,4.18,76.8,7.86262678641513,0.4081966987528082
LZ_NORTH,2016,06,23.562680555555538,3.64,104.06,11.06260150478111,0.39652291672487266
LZ_NORTH,2016,07,27.415779569892468,9.05,101.55,12.339122952872145,0.3889755446778223
LZ_NORTH,2016,08,30.148575268817204,13.37,227.06,26.10430386099207,0.4754631064450502
LZ_NORTH,2016,09,26.605861111111118,10.73,201.47,14.901666131659884,0.36953025204703294
LZ_NORTH,2016,10,24.532661290322576,2.85,273.64,16.034106142812703,0.4242832536960376
LZ_NORTH,2016,11,18.830513888888884,2.0,50.24,6.250940703599587,0.39296794022627196
LZ_NORTH,2016,12,25.286250000000003,3.43,140.29,11.070745441320296,0.4141833362956431
LZ_NORTH,2017,01,23.60302419354839,2.91,96.68,7.536311693229169,0.33954276997685595
LZ_NORTH,2017,02,19.550014880952382,4.39,51.83,6.023653240387761,0.34929063988706593
LZ_NORTH,2017,03,21.83940780619112,5.34,64.71,7.067790149708489,0.3251745601150937
LZ_NORTH,2017,04,21.97580555555556,7.13,62.41,6.617664494044783,0.29802716380227123
LZ_NORTH,2017,05,24.557513440860212,5.22,72.98,8.001947903825615,0.32346716624926664
LZ_NORTH,2017,06,26.893736111111114,15.46,80.74,10.269483673647457,0.31835655057517603
LZ_NORTH,2017,07,31.186841397849467,16.47,254.01,17.44390062497039,0.39846637236432686
LZ_NORTH,2017,08,27.0603629032258,16.62,86.53,10.529417676731134,0.3284185234655215
LZ_NORTH,2017,09,23.968402777777786,8.29,56.01,8.103816548207519,0.2941329694527748
LZ_NORTH,2017,10,21.938427419354838,1.89,85.01,8.63646428172293,0.3548707623448469
LZ_NORTH,2017,11,22.26316666666667,3.21,70.4,7.878656117975511,0.35455020119344016
LZ_NORTH,2017,12,21.40813172043011,6.28,58.74,5.243574354344971,0.22754679548992734
LZ_NORTH,2018,01,37.72852150537634,6.32,1664.01,87.76979241169174,0.5503393901371523
LZ_NORTH,2018,02,21.840461309523814,5.84,74.29,7.579751376820837,0.3083235761487388
LZ_NORTH,2018,03,22.64055181695828,7.89,70.07,8.388701044899271,0.3413526760897044
LZ_NORTH,2018,04,24.366888888888894,8.91,58.24,7.779202510434246,0.31381651725141557
LZ_NORTH,2018,05,37.4518817204301,9.54,557.83,40.89663061155096,0.6269050864758396
LZ_NORTH,2018,06,31.30161111111111,15.26,122.97,16.441007465142185,0.4339613875033105
LZ_NORTH,2018,07,79.84618279569894,9.8,2079.81,235.36841649562857,0.8999778290017111
LZ_NORTH,2018,08,31.971586021505377,11.92,151.52,19.077278619523035,0.46542819970918575
LZ_NORTH,2018,09,27.885847222222218,13.94,91.58,12.013980791934745,0.35092610411657676
LZ_NORTH,2018,10,31.64541666666666,9.59,95.95,11.41539314407052,0.3324553820436994
LZ_NORTH,2018,11,31.974124999999997,9.21,124.07,12.307011720189275,0.32839590797154383
LZ_NORTH,2018,12,31.131948924731184,6.87,121.19,10.753266871853738,0.3193551441227331
LZ_NORTH,2019,01,24.36783602150538,5.13,75.38,8.35348452176956,0.31579377973800155
LZ_NORTH,2019,02,20.851145833333334,4.36,56.78,7.117460637617205,0.3553546745415509
LZ_NORTH,2019,03,28.594037685060563,9.11,681.29,34.4362405222051,0.40934075274112547
LZ_NORTH,2019,04,23.71843055555555,6.62,103.76,11.928849097374753,0.4234746348812096
LZ_NORTH,2019,05,24.011451612903222,10.12,67.8,8.738728285557318,0.3189995629415084
LZ_NORTH,2019,06,25.207916666666662,8.21,101.28,13.618453889307249,0.4193924443806878
LZ_NORTH,2019,07,29.83494623655914,11.22,274.89,26.955125726994385,0.557473839885139
LZ_NORTH,2019,08,126.6009139784946,10.08,3501.54,401.63191065044884,1.2163756373706913
LZ_NORTH,2019,09,80.77415277777779,7.81,5010.51,380.7589692018482,0.8980494111592233
LZ_NORTH,2019,10,28.732943548387098,6.21,863.71,54.425610973295086,0.6137608509564199
LZ_NORTH,2019,11,24.153611111111108,3.67,218.41,15.742828193014056,0.43316677879054505
LZ_NORTH,2019,12,19.006801075268818,4.07,59.99,7.142365271934622,0.3246653577757296
LZ_RAYBN,2016,01,19.447943548387094,5.08,57.38,5.871734395366459,0.2739813703011657
LZ_RAYBN,2016,02,15.400431034482759,2.32,53.35,5.753466127110896,0.4396025682996247
LZ_RAYBN,2016,03,17.117240915208615,1.86,61.55,7.327291215387116,0.4493361326411221
LZ_RAYBN,2016,04,18.855361111111115,1.45,90.56,9.706044207969228,0.5214276400878733
LZ_RAYBN,2016,05,18.320994623655913,4.31,75.95,7.887065178197738,0.401947928202212
LZ_RAYBN,2016,06,23.315944444444447,3.65,100.54,10.573416883232081,0.3872013061909574
LZ_RAYBN,2016,07,27.47107526881721,9.03,101.88,12.383051616960067,0.3869756265309797
LZ_RAYBN,2016,08,30.14975806451613,13.37,226.86,26.11001588311446,0.4753278755107807
LZ_RAYBN,2016,09,26.47026388888889,10.72,200.59,14.81833054821785,0.3673768851436395
LZ_RAYBN,2016,10,24.45251344086022,3.14,274.16,15.968735318472177,0.41763167056180867
LZ_RAYBN,2016,11,18.87531944444445,2.9,47.33,6.182334306537095,0.3813081826895607
LZ_RAYBN,2016,12,25.319556451612907,4.44,138.15,10.848662138407187,0.3883186154187296
LZ_RAYBN,2017,01,23.39010752688172,2.43,96.42,7.174455207570434,0.3226325557447652
LZ_RAYBN,2017,02,20.369151785714287,5.62,51.8,5.358349282109903,0.27134656366171384
LZ_RAYBN,2017,03,21.907160161507402,6.77,64.19,6.549950608642895,0.2822799498891273
LZ_RAYBN,2017,04,22.213430555555554,8.2,61.88,5.862581020851394,0.2454591296963461
LZ_RAYBN,2017,05,24.001330645161293,6.21,62.63,6.850095988428785,0.283904219672863
LZ_RAYBN,2017,06,26.125041666666664,15.69,74.59,9.205680549494769,0.29509973862171807
LZ_RAYBN,2017,07,30.760497311827955,16.47,248.41,16.831198028483207,0.3885712581322647
LZ_RAYBN,2017,08,26.824825268817197,16.6,85.93,10.25467621902543,0.32210328627546037
LZ_RAYBN,2017,09,23.535680555555555,8.29,54.32,7.549488581314556,0.280661507263537
LZ_RAYBN,2017,10,21.379932795698924,2.04,75.15,7.82963496659632,0.33709298914724556
LZ_RAYBN,2017,11,21.829180555555556,3.86,70.1,7.445188047172327,0.33820483453499983
LZ_RAYBN,2017,12,21.31260752688172,7.81,59.25,4.855131894035036,0.20676999612658692
LZ_RAYBN,2018,01,39.37014784946236,7.82,1709.15,90.37409156066538,0.5289246088808092
LZ_RAYBN,2018,02,22.40316964285714,7.42,94.77,7.724018064781316,0.27527557946385683
LZ_RAYBN,2018,03,23.805706594885603,11.42,69.95,7.764584538226352,0.28300855993639884
LZ_RAYBN,2018,04,27.198875000000008,12.36,62.64,7.927631488254263,0.2795961835161443
LZ_RAYBN,2018,05,40.951249999999995,11.51,572.62,43.40898605325402,0.6185361205445146
LZ_RAYBN,2018,06,31.94558333333333,15.64,125.33,17.45883747724984,0.4499427338139779
LZ_RAYBN,2018,07,84.90190860215056,9.8,2234.47,250.62476031998634,0.931375166234778
LZ_RAYBN,2018,08,32.518723118279574,12.2,158.9,20.634102764280644,0.48091979506821936
LZ_RAYBN,2018,09,27.68088888888888,13.93,90.56,11.823806754293669,0.3466560138435642
LZ_RAYBN,2018,10,30.624959677419355,13.12,94.29,10.70226719032826,0.31150142600218683
LZ_RAYBN,2018,11,33.452444444444446,12.67,124.27,11.735302215008222,0.28831632507845584
LZ_RAYBN,2018,12,31.553534946236557,7.83,116.72,10.034378429938945,0.29620665135167296
LZ_RAYBN,2019,01,24.411491935483873,6.49,74.86,8.060814095455628,0.29565819711553815
LZ_RAYBN,2019,02,21.066279761904763,4.7,57.29,6.844085385799508,0.3271013302806415
LZ_RAYBN,2019,03,29.809798115746972,12.38,682.64,34.21999384570602,0.37028160698889323
LZ_RAYBN,2019,04,24.998305555555554,7.34,113.75,11.764075316688286,0.3722493849024492
LZ_RAYBN,2019,05,24.78815860215054,11.72,67.79,8.999232252081155,0.32153220307252633
LZ_RAYBN,2019,06,25.45851388888889,8.78,101.41,13.65401084347944,0.4163255651525232
LZ_RAYBN,2019,07,30.029717741935478,11.21,279.33,27.165856941493942,0.5598135177809067
LZ_RAYBN,2019,08,126.89788978494623,10.38,3503.7,401.9292603884114,1.215312499090812
LZ_RAYBN,2019,09,80.6986388888889,7.81,5012.22,380.90820213982494,0.8952737638233667
LZ_RAYBN,2019,10,28.5543817204301,7.43,850.07,52.132790025556,0.5681030650458733
LZ_RAYBN,2019,11,24.51756944444445,4.57,222.55,15.818155791296592,0.4181265216978952
LZ_RAYBN,2019,12,19.085067204301076,4.69,60.53,7.101435355892235,0.3153409368120267
LZ_SOUTH,2016,01,19.481720430107526,5.06,58.16,5.7107206445197045,0.27821201267357887
LZ_SOUTH,2016,02,15.935862068965516,1.59,52.27,6.329056652036595,0.49993091175483867
LZ_SOUTH,2016,03,19.521144010767163,0.56,100.0,12.325023585024747,0.5977543827469616
LZ_SOUTH,2016,04,20.738,1.04,120.0,13.178488937715967,0.6270276389453148
LZ_SOUTH,2016,05,20.691747311827957,2.76,100.0,12.251857833053956,0.5309990927017885
LZ_SOUTH,2016,06,27.471652777777773,4.94,141.69,15.831815212576418,0.4740186047959436
LZ_SOUTH,2016,07,28.88958333333333,9.49,106.32,13.878802914915042,0.4197394230696066
LZ_SOUTH,2016,08,31.823306451612893,13.43,240.28,29.39920761574284,0.5056708823860961
LZ_SOUTH,2016,09,28.76201388888889,11.16,206.79,16.32396173772861,0.4024798689986544
LZ_SOUTH,2016,10,30.031034946236556,3.68,290.71,24.11439290602675,0.5198769651495273
LZ_SOUTH,2016,11,20.63338888888889,2.81,59.68,7.707285909666224,0.4204752591343517
LZ_SOUTH,2016,12,26.32684139784946,2.59,148.13,12.181573627385523,0.4506450250212227
LZ_SOUTH,2017,01,25.155483870967743,1.85,142.48,10.779406305725367,0.42240282703113924
LZ_SOUTH,2017,02,21.79369047619048,3.22,54.63,7.831157785521077,0.4268418378267241
LZ_SOUTH,2017,03,26.528209959623144,4.69,94.55,10.897196845177303,0.3939512395948357
LZ_SOUTH,2017,04,28.549888888888887,10.5,119.88,12.735671759879727,0.37334922708971985
LZ_SOUTH,2017,05,29.979731182795703,5.34,94.72,12.98626101551835,0.41367013802049646
LZ_SOUTH,2017,06,36.78344444444444,15.65,150.0,22.435838620397625,0.4705869763064888
LZ_SOUTH,2017,07,34.19329301075268,17.34,276.3,20.840197731710745,0.4395839731895338
LZ_SOUTH,2017,08,33.457849462365594,16.66,139.11,19.49953245666295,0.44322245862685006
LZ_SOUTH,2017,09,28.33034722222222,8.84,84.54,10.499658158101534,0.3287107054063116
LZ_SOUTH,2017,10,28.464018817204295,4.52,129.79,13.227929173038133,0.3915488104204298
LZ_SOUTH,2017,11,27.865722222222217,8.04,109.23,11.2064793760655,0.34349594286937835
LZ_SOUTH,2017,12,25.404220430107525,7.07,99.02,7.91411820453693,0.2859546616960582
LZ_SOUTH,2018,01,46.13256720430109,6.56,1709.82,93.31581643122979,0.6047255844020877
LZ_SOUTH,2018,02,25.197038690476184,4.14,79.89,9.158766911369776,0.36199384858914413
LZ_SOUTH,2018,03,26.75997308209959,8.31,76.2,10.317034261654255,0.35049292856298
LZ_SOUTH,2018,04,28.18697222222222,8.32,63.43,9.605147553595849,0.352842243578636
LZ_SOUTH,2018,05,41.27442204301075,11.8,556.94,41.38933791209339,0.5761578822364957
LZ_SOUTH,2018,06,32.25868055555556,16.3,124.6,15.824630844733253,0.4021803399605227
LZ_SOUTH,2018,07,80.44756720430107,10.11,2068.16,234.40094203188025,0.8896911120233757
LZ_SOUTH,2018,08,33.69063172043011,15.79,151.59,21.41867258099859,0.48040828220547066
LZ_SOUTH,2018,09,28.38376388888889,16.0,91.31,11.343294717518607,0.33887964906363705
LZ_SOUTH,2018,10,32.12697580645161,16.13,100.1,12.02729397652684,0.3174056190738584
LZ_SOUTH,2018,11,33.54448611111112,10.49,120.91,13.681769776384673,0.34681847784417874
LZ_SOUTH,2018,12,32.11272849462367,7.62,125.61,11.133697976599079,0.3303646864985832
LZ_SOUTH,2019,01,27.057903225806452,7.6,123.19,9.207961381226529,0.2901114226420051
LZ_SOUTH,2019,02,23.72895833333333,6.44,61.77,7.511240029593379,0.3191939927445813
LZ_SOUTH,2019,03,30.529488559892332,7.37,721.89,37.109002758386055,0.4469401909807345
LZ_SOUTH,2019,04,27.147833333333338,4.0,134.58,14.693139289126746,0.4781294420965274
LZ_SOUTH,2019,05,27.210994623655917,10.73,87.14,10.367489242585489,0.34204072255849055
LZ_SOUTH,2019,06,27.259597222222222,11.71,123.14,14.759030011321766,0.4214121089015651
LZ_SOUTH,2019,07,31.13216397849462,11.68,279.97,27.6660579812289,0.5537276651541606
LZ_SOUTH,2019,08,127.10901881720432,11.0,3499.67,400.76833513693464,1.1993448161797948
LZ_SOUTH,2019,09,81.00911111111112,8.37,4996.6,378.7493983096634,0.8573066234529383
LZ_SOUTH,2019,10,32.942110215053766,6.93,846.41,53.660055684144815,0.5645500519293672
LZ_SOUTH,2019,11,25.80370833333333,5.53,195.9,14.772221026154101,0.4105630446134401
LZ_SOUTH,2019,12,19.786881720430113,3.46,77.45,7.023225109320717,0.3182904646361265
LZ_WEST,2016,01,19.51926075268817,4.47,56.26,5.972367020222796,0.2950384412402452
LZ_WEST,2016,02,15.044482758620688,-0.86,51.61,6.097312323786852,NaN
LZ_WEST,2016,03,16.002651413189774,0.46,60.97,7.447474696074763,0.5187077682474968
LZ_WEST,2016,04,17.153666666666666,0.33,91.7,9.379291805382461,0.6623540240912253
LZ_WEST,2016,05,17.73752688172043,1.43,73.98,8.085380793131261,0.4832276242328532
LZ_WEST,2016,06,23.48876388888889,3.76,107.61,10.783790816173294,0.3887388617394327
LZ_WEST,2016,07,27.178790322580642,9.05,115.9,12.88803002984509,0.39874742273644087
LZ_WEST,2016,08,30.01056451612903,13.37,226.91,25.763811703429592,0.47225048363265026
LZ_WEST,2016,09,26.767666666666667,10.69,204.46,15.181201137700208,0.37342175290841234
LZ_WEST,2016,10,25.182258064516127,1.5,285.76,17.138519624553343,0.46361962156304626
LZ_WEST,2016,11,19.343138888888884,0.97,60.38,7.035390776231643,0.43340025845040314
LZ_WEST,2016,12,25.165819892473127,0.37,139.73,11.654195202333174,0.560457018937311
LZ_WEST,2017,01,23.23137096774193,0.47,97.97,9.296835291406909,0.6069413806418604
LZ_WEST,2017,02,18.47705357142857,-3.67,72.56,9.104210009101465,NaN
LZ_WEST,2017,03,20.251197846567973,0.09,65.3,8.465475122425502,0.6307718207827995
LZ_WEST,2017,04,20.388569444444443,0.1,69.22,8.180402633204922,0.6138134746563491
LZ_WEST,2017,05,22.867795698924734,1.38,57.71,7.553185185074923,0.40473474515623886
LZ_WEST,2017,06,27.512319444444447,11.19,79.92,10.623585853794632,0.3332543033282559
LZ_WEST,2017,07,31.130174731182787,16.63,240.72,16.884863660414933,0.39067009987293994
LZ_WEST,2017,08,27.213911290322578,16.64,86.65,10.571351807051885,0.3259375172111342
LZ_WEST,2017,09,27.011777777777777,8.08,83.61,10.999813244365114,0.3509474206097968
LZ_WEST,2017,10,22.17331989247311,1.83,72.46,8.353856799011607,0.3608084419814245
LZ_WEST,2017,11,22.15291666666667,0.27,75.19,8.749763793752,0.5177297191928258
LZ_WEST,2017,12,21.87225806451613,-1.49,64.7,7.489398016305278,NaN
LZ_WEST,2018,01,37.29330645161289,0.65,1670.78,88.79467993492514,0.7346369477755693
LZ_WEST,2018,02,22.124107142857138,2.33,74.96,8.271932366348937,0.3976421768410174
LZ_WEST,2018,03,22.301628532974433,0.4,79.53,10.906822163961127,0.7193834393905415
LZ_WEST,2018,04,21.128124999999994,-3.54,60.13,12.4328603677733,NaN
LZ_WEST,2018,05,49.60012096774193,1.15,560.42,42.80809718391551,0.7543626746720608
LZ_WEST,2018,06,57.9675277777778,22.77,137.0,20.75634704608254,0.38539316053299527
LZ_WEST,2018,07,101.4709677419355,13.15,2151.82,238.70516348224734,0.8575355266497421
LZ_WEST,2018,08,33.289852150537634,11.08,153.14,19.295431194581806,0.4597902397810264
LZ_WEST,2018,09,27.101097222222233,13.2,87.2,10.436557699967404,0.3296740388657388
LZ_WEST,2018,10,30.004556451612903,3.1,97.94,10.901438163956596,0.3576329340385667
LZ_WEST,2018,11,31.22402777777779,1.91,147.71,15.92537420033344,0.5772304532838307
LZ_WEST,2018,12,34.980846774193544,3.05,131.59,15.254886045873539,0.4508752326730684
LZ_WEST,2019,01,27.461532258064512,0.44,99.02,13.47823357942609,0.5450022518585302
LZ_WEST,2019,02,22.798958333333328,2.99,67.26,9.305285701329012,0.4556133220964527
LZ_WEST,2019,03,31.282960969044417,2.25,698.52,37.27890331984405,0.650242969963699
LZ_WEST,2019,04,21.69923611111111,0.69,112.83,14.623148227684053,0.7882317560792841
LZ_WEST,2019,05,28.85198924731182,7.36,78.96,9.737399440021324,0.308115298239992
LZ_WEST,2019,06,32.02677777777778,12.25,111.92,14.086746131905794,0.366893785128757
LZ_WEST,2019,07,32.07568548387096,11.03,281.09,27.34031853443688,0.548710427848095
LZ_WEST,2019,08,128.87646505376344,9.12,3505.6,402.11414618227064,1.2075125736902712
LZ_WEST,2019,09,83.4711388888889,6.59,5015.25,380.45391860989866,0.8926424240542867
LZ_WEST,2019,10,49.383360215053756,0.79,873.07,62.396856020024465,0.859977366069718
LZ_WEST,2019,11,49.34084722222224,3.6,286.91,31.876125870829327,0.6371588708808161
LZ_WEST,2019,12,39.5025940860215,7.32,195.71,27.97586197338679,0.6061030460998102
HB_PAN,2016,01,NaN,NaN,NaN,NaN,NaN
HB_PAN,2016,02,NaN,NaN,NaN,NaN,NaN
HB_PAN,2016,03,NaN,NaN,NaN,NaN,NaN
HB_PAN,2016,04,NaN,NaN,NaN,NaN,NaN
HB_PAN,2016,05,NaN,NaN,NaN,NaN,NaN
HB_PAN,2016,06,NaN,NaN,NaN,NaN,NaN
HB_PAN,2016,07,NaN,NaN,NaN,NaN,NaN
HB_PAN,2016,08,NaN,NaN,NaN,NaN,NaN
HB_PAN,2016,09,NaN,NaN,NaN,NaN,NaN
HB_PAN,2016,10,NaN,NaN,NaN,NaN,NaN
HB_PAN,2016,11,NaN,NaN,NaN,NaN,NaN
HB_PAN,2016,12,NaN,NaN,NaN,NaN,NaN
HB_PAN,2017,01,NaN,NaN,NaN,NaN,NaN
HB_PAN,2017,02,NaN,NaN,NaN,NaN,NaN
HB_PAN,2017,03,NaN,NaN,NaN,NaN,NaN
HB_PAN,2017,04,NaN,NaN,NaN,NaN,NaN
HB_PAN,2017,05,NaN,NaN,NaN,NaN,NaN
HB_PAN,2017,06,NaN,NaN,NaN,NaN,NaN
HB_PAN,2017,07,NaN,NaN,NaN,NaN,NaN
HB_PAN,2017,08,NaN,NaN,NaN,NaN,NaN
HB_PAN,2017,09,NaN,NaN,NaN,NaN,NaN
HB_PAN,2017,10,NaN,NaN,NaN,NaN,NaN
HB_PAN,2017,11,NaN,NaN,NaN,NaN,NaN
HB_PAN,2017,12,NaN,NaN,NaN,NaN,NaN
HB_PAN,2018,01,NaN,NaN,NaN,NaN,NaN
HB_PAN,2018,02,NaN,NaN,NaN,NaN,NaN
HB_PAN,2018,03,NaN,NaN,NaN,NaN,NaN
HB_PAN,2018,04,NaN,NaN,NaN,NaN,NaN
HB_PAN,2018,05,NaN,NaN,NaN,NaN,NaN
HB_PAN,2018,06,NaN,NaN,NaN,NaN,NaN
HB_PAN,2018,07,NaN,NaN,NaN,NaN,NaN
HB_PAN,2018,08,NaN,NaN,NaN,NaN,NaN
HB_PAN,2018,09,NaN,NaN,NaN,NaN,NaN
HB_PAN,2018,10,NaN,NaN,NaN,NaN,NaN
HB_PAN,2018,11,NaN,NaN,NaN,NaN,NaN
HB_PAN,2018,12,NaN,NaN,NaN,NaN,NaN
HB_PAN,2019,01,NaN,NaN,NaN,NaN,NaN
HB_PAN,2019,02,NaN,NaN,NaN,NaN,NaN
HB_PAN,2019,03,NaN,NaN,NaN,NaN,NaN
HB_PAN,2019,04,16.548766666666673,-19.01,99.64,14.227681951102403,NaN
HB_PAN,2019,05,16.414327956989244,-15.06,67.69,13.544792459757309,NaN
HB_PAN,2019,06,20.73131944444444,-11.58,100.06,15.826254741623815,NaN
HB_PAN,2019,07,28.384569892473117,0.5,274.16,27.36512057912495,0.6737909561539953
HB_PAN,2019,08,124.99173387096774,-9.99,3497.75,401.4976278928488,NaN
HB_PAN,2019,09,72.85329166666666,-14.97,5010.1,381.5470467094594,NaN
HB_PAN,2019,10,18.71676075268817,-20.69,843.05,54.79572759540513,NaN
HB_PAN,2019,11,11.661291666666669,-29.98,211.43,21.725598922420986,NaN
HB_PAN,2019,12,8.817244623655913,-27.84,60.3,16.045190188916134,NaN
